Estacion,Latitud,Longitud,clipped_Hansen_GFC-2022-v1.10_lossyear_10N_080W,clipped_Hansen_GFC-2022-v1.10_treecover2000_10N_080W,resampled_clipped_wc2.1_30s_bio_1,resampled_clipped_wc2.1_30s_bio_10,resampled_clipped_wc2.1_30s_bio_11,resampled_clipped_wc2.1_30s_bio_12,resampled_clipped_wc2.1_30s_bio_13,resampled_clipped_wc2.1_30s_bio_14,resampled_clipped_wc2.1_30s_bio_15,resampled_clipped_wc2.1_30s_bio_16,resampled_clipped_wc2.1_30s_bio_17,resampled_clipped_wc2.1_30s_bio_18,resampled_clipped_wc2.1_30s_bio_19,resampled_clipped_wc2.1_30s_bio_2,resampled_clipped_wc2.1_30s_bio_3,resampled_clipped_wc2.1_30s_bio_4,resampled_clipped_wc2.1_30s_bio_5,resampled_clipped_wc2.1_30s_bio_6,resampled_clipped_wc2.1_30s_bio_7,resampled_clipped_wc2.1_30s_bio_8,resampled_clipped_wc2.1_30s_bio_9,resampled_clipped_wc2.1_30s_elev
TA01,5.223194444444444,-76.08016666666666,0,45,19.033333,19.383333,18.8,2965.0,416.0,152.0,34.28378,970.0,532.0,875.0,970.0,7.816667,90.89148,23.580935,23.3,14.7,8.599999,18.8,18.983334,1493
TA2,5.223055555555556,-76.078,0,95,19.033333,19.383333,18.8,2965.0,416.0,152.0,34.28378,970.0,532.0,875.0,970.0,7.816667,90.89148,23.580935,23.3,14.7,8.599999,18.8,18.983334,1493
TA3,5.219972222222222,-76.07927777777778,0,92,19.033333,19.383333,18.8,2965.0,416.0,152.0,34.28378,970.0,532.0,875.0,970.0,7.816667,90.89148,23.580935,23.3,14.7,8.599999,18.8,18.983334,1493
TA4,5.2322500000000005,-76.09191666666666,0,95,18.7875,19.116667,18.55,2605.0,379.0,94.0,35.614826,862.0,458.0,765.0,862.0,7.741667,92.162704,22.373373,22.9,14.5,8.4,18.55,18.9,1544
TA5,5.240222222222222,-76.09208333333333,0,90,18.754168,19.083334,18.5,3087.0,414.0,163.0,26.5564,921.0,637.0,853.0,885.0,7.725,91.96429,23.204458,22.9,14.5,8.4,18.5,18.666666,1568
TA6,5.244694444444445,-76.09375,0,90,18.3375,18.633333,18.066666,3066.0,418.0,162.0,31.792627,992.0,555.0,875.0,992.0,7.758333,92.361115,22.676077,22.5,14.1,8.4,18.066666,18.366667,1667
TA7,5.24625,-76.0961111111111,0,90,18.3375,18.633333,18.066666,3066.0,418.0,162.0,31.792627,992.0,555.0,875.0,992.0,7.758333,92.361115,22.676077,22.5,14.1,8.4,18.066666,18.366667,1667
TA8,5.238166666666666,-76.08394444444444,0,92,19.8875,20.25,19.6,2871.0,363.0,128.0,31.151634,892.0,474.0,868.0,892.0,8.425,91.57609,25.77216,24.5,15.3,9.2,19.6,20.05,1377
TA9,5.247638888888889,-76.09861111111111,0,90,18.3375,18.633333,18.066666,3066.0,418.0,162.0,31.792627,992.0,555.0,875.0,992.0,7.758333,92.361115,22.676077,22.5,14.1,8.4,18.066666,18.366667,1667
TA10,5.249138888888889,-76.14944444444444,0,95,16.729166,16.966667,16.449999,2485.0,373.0,123.0,37.646206,848.0,397.0,685.0,814.0,7.2416663,89.4033,21.474976,20.8,12.7,8.099999,16.466667,16.816666,1938
TA11,5.248777777777778,-76.1275,0,95,15.220833,15.400001,14.966666,2248.0,309.0,82.0,38.576023,771.0,316.0,649.0,771.0,7.1749997,89.68751,19.593414,19.3,11.3,7.999999,14.966666,15.316667,2228
TA12,5.251166666666666,-76.10408333333332,0,90,16.629166,16.866667,16.366667,2140.0,289.0,83.0,37.20048,745.0,323.0,602.0,745.0,7.408333,90.345535,20.830303,20.8,12.6,8.199999,16.366667,16.733334,1984
TA13,5.253777777777778,-76.10866666666666,0,99,14.575,14.75,14.333333,1992.0,260.0,82.0,36.895878,667.0,308.0,595.0,667.0,7.2166667,90.20832,19.128756,18.7,10.7,8.000001,14.333333,14.666666,2360
TA14,5.257611111111111,-76.11013888888888,0,90,14.575,14.75,14.333333,1992.0,260.0,82.0,36.895878,667.0,308.0,595.0,667.0,7.2166667,90.20832,19.128756,18.7,10.7,8.000001,14.333333,14.666666,2360
TA15,5.256888888888889,-76.1121111111111,0,90,14.575,14.75,14.333333,1992.0,260.0,82.0,36.895878,667.0,308.0,595.0,667.0,7.2166667,90.20832,19.128756,18.7,10.7,8.000001,14.333333,14.666666,2360
TA16,5.256194444444445,-76.11355555555555,0,90,14.575,14.75,14.333333,1992.0,260.0,82.0,36.895878,667.0,308.0,595.0,667.0,7.2166667,90.20832,19.128756,18.7,10.7,8.000001,14.333333,14.666666,2360
TA01_1,5.22388542745007,-76.07804003964577,0,95,19.033333,19.383333,18.8,2965.0,416.0,152.0,34.28378,970.0,532.0,875.0,970.0,7.816667,90.89148,23.580935,23.3,14.7,8.599999,18.8,18.983334,1493
TA01_2,5.224508772224742,-76.07835764967228,0,95,19.033333,19.383333,18.8,2965.0,416.0,152.0,34.28378,970.0,532.0,875.0,970.0,7.816667,90.89148,23.580935,23.3,14.7,8.599999,18.8,18.983334,1493
TA01_3,5.22500346143882,-76.07885233888635,0,95,19.033333,19.383333,18.8,2965.0,416.0,152.0,34.28378,970.0,532.0,875.0,970.0,7.816667,90.89148,23.580935,23.3,14.7,8.599999,18.8,18.983334,1493
TA01_4,5.225321071465324,-76.07947568366103,0,95,19.620832,19.966667,19.366667,2351.0,306.0,88.0,37.38887,784.0,344.0,720.0,725.0,8.224999,91.388885,24.069817,24.1,15.1,9.0,19.816668,19.766666,1420
TA01_5,5.225430512421943,-76.08016666666666,0,95,19.620832,19.966667,19.366667,2351.0,306.0,88.0,37.38887,784.0,344.0,720.0,725.0,8.224999,91.388885,24.069817,24.1,15.1,9.0,19.816668,19.766666,1420
TA01_6,5.225321071465324,-76.08085764967228,0,95,19.620832,19.966667,19.366667,2351.0,306.0,88.0,37.38887,784.0,344.0,720.0,725.0,8.224999,91.388885,24.069817,24.1,15.1,9.0,19.816668,19.766666,1420
TA01_7,5.22500346143882,-76.08148099444696,0,90,19.033333,19.383333,18.8,2965.0,416.0,152.0,34.28378,970.0,532.0,875.0,970.0,7.816667,90.89148,23.580935,23.3,14.7,8.599999,18.8,18.983334,1493
TA01_8,5.224508772224742,-76.08197568366103,0,37,19.033333,19.383333,18.8,2965.0,416.0,152.0,34.28378,970.0,532.0,875.0,970.0,7.816667,90.89148,23.580935,23.3,14.7,8.599999,18.8,18.983334,1493
TA01_9,5.22388542745007,-76.08229329368754,0,6,19.033333,19.383333,18.8,2965.0,416.0,152.0,34.28378,970.0,532.0,875.0,970.0,7.816667,90.89148,23.580935,23.3,14.7,8.599999,18.8,18.983334,1493
TA01_10,5.223194444444444,-76.08240273464415,0,90,19.033333,19.383333,18.8,2965.0,416.0,152.0,34.28378,970.0,532.0,875.0,970.0,7.816667,90.89148,23.580935,23.3,14.7,8.599999,18.8,18.983334,1493
TA01_11,5.222503461438818,-76.08229329368754,0,90,19.033333,19.383333,18.8,2965.0,416.0,152.0,34.28378,970.0,532.0,875.0,970.0,7.816667,90.89148,23.580935,23.3,14.7,8.599999,18.8,18.983334,1493
TA01_12,5.221880116664146,-76.08197568366103,0,0,19.033333,19.383333,18.8,2965.0,416.0,152.0,34.28378,970.0,532.0,875.0,970.0,7.816667,90.89148,23.580935,23.3,14.7,8.599999,18.8,18.983334,1493
TA01_13,5.221385427450069,-76.08148099444696,0,10,19.033333,19.383333,18.8,2965.0,416.0,152.0,34.28378,970.0,532.0,875.0,970.0,7.816667,90.89148,23.580935,23.3,14.7,8.599999,18.8,18.983334,1493
TA01_14,5.221067817423564,-76.08085764967228,0,90,19.033333,19.383333,18.8,2965.0,416.0,152.0,34.28378,970.0,532.0,875.0,970.0,7.816667,90.89148,23.580935,23.3,14.7,8.599999,18.8,18.983334,1493
TA01_15,5.220958376466945,-76.08016666666666,0,95,19.033333,19.383333,18.8,2965.0,416.0,152.0,34.28378,970.0,532.0,875.0,970.0,7.816667,90.89148,23.580935,23.3,14.7,8.599999,18.8,18.983334,1493
TA01_16,5.221067817423564,-76.07947568366103,0,90,19.033333,19.383333,18.8,2965.0,416.0,152.0,34.28378,970.0,532.0,875.0,970.0,7.816667,90.89148,23.580935,23.3,14.7,8.599999,18.8,18.983334,1493
TA01_17,5.221385427450069,-76.07885233888635,0,90,19.033333,19.383333,18.8,2965.0,416.0,152.0,34.28378,970.0,532.0,875.0,970.0,7.816667,90.89148,23.580935,23.3,14.7,8.599999,18.8,18.983334,1493
TA01_18,5.221880116664146,-76.07835764967228,0,95,19.033333,19.383333,18.8,2965.0,416.0,152.0,34.28378,970.0,532.0,875.0,970.0,7.816667,90.89148,23.580935,23.3,14.7,8.599999,18.8,18.983334,1493
TA01_19,5.222503461438818,-76.07804003964577,0,95,19.033333,19.383333,18.8,2965.0,416.0,152.0,34.28378,970.0,532.0,875.0,970.0,7.816667,90.89148,23.580935,23.3,14.7,8.599999,18.8,18.983334,1493
TA01_20,5.223194444444444,-76.07793059868916,0,95,19.033333,19.383333,18.8,2965.0,416.0,152.0,34.28378,970.0,532.0,875.0,970.0,7.816667,90.89148,23.580935,23.3,14.7,8.599999,18.8,18.983334,1493
TA2_1,5.223746538561182,-76.07587337297912,0,95,19.033333,19.383333,18.8,2965.0,416.0,152.0,34.28378,970.0,532.0,875.0,970.0,7.816667,90.89148,23.580935,23.3,14.7,8.599999,18.8,18.983334,1493
TA2_2,5.224369883335854,-76.07619098300563,0,90,19.033333,19.383333,18.8,2965.0,416.0,152.0,34.28378,970.0,532.0,875.0,970.0,7.816667,90.89148,23.580935,23.3,14.7,8.599999,18.8,18.983334,1493
TA2_3,5.224864572549931,-76.0766856722197,0,95,19.033333,19.383333,18.8,2965.0,416.0,152.0,34.28378,970.0,532.0,875.0,970.0,7.816667,90.89148,23.580935,23.3,14.7,8.599999,18.8,18.983334,1493
TA2_4,5.225182182576436,-76.07730901699438,0,90,19.620832,19.966667,19.366667,2351.0,306.0,88.0,37.38887,784.0,344.0,720.0,725.0,8.224999,91.388885,24.069817,24.1,15.1,9.0,19.816668,19.766666,1420
TA2_5,5.225291623533055,-76.078,0,90,19.620832,19.966667,19.366667,2351.0,306.0,88.0,37.38887,784.0,344.0,720.0,725.0,8.224999,91.388885,24.069817,24.1,15.1,9.0,19.816668,19.766666,1420
TA2_6,5.225182182576436,-76.07869098300563,0,95,19.620832,19.966667,19.366667,2351.0,306.0,88.0,37.38887,784.0,344.0,720.0,725.0,8.224999,91.388885,24.069817,24.1,15.1,9.0,19.816668,19.766666,1420
TA2_7,5.224864572549931,-76.07931432778031,0,95,19.033333,19.383333,18.8,2965.0,416.0,152.0,34.28378,970.0,532.0,875.0,970.0,7.816667,90.89148,23.580935,23.3,14.7,8.599999,18.8,18.983334,1493
TA2_8,5.224369883335854,-76.07980901699437,0,95,19.033333,19.383333,18.8,2965.0,416.0,152.0,34.28378,970.0,532.0,875.0,970.0,7.816667,90.89148,23.580935,23.3,14.7,8.599999,18.8,18.983334,1493
TA2_9,5.223746538561182,-76.08012662702089,0,78,19.033333,19.383333,18.8,2965.0,416.0,152.0,34.28378,970.0,532.0,875.0,970.0,7.816667,90.89148,23.580935,23.3,14.7,8.599999,18.8,18.983334,1493
TA2_10,5.223055555555556,-76.0802360679775,0,45,19.033333,19.383333,18.8,2965.0,416.0,152.0,34.28378,970.0,532.0,875.0,970.0,7.816667,90.89148,23.580935,23.3,14.7,8.599999,18.8,18.983334,1493
TA2_11,5.22236457254993,-76.08012662702089,0,76,19.033333,19.383333,18.8,2965.0,416.0,152.0,34.28378,970.0,532.0,875.0,970.0,7.816667,90.89148,23.580935,23.3,14.7,8.599999,18.8,18.983334,1493
TA2_12,5.221741227775258,-76.07980901699437,0,90,19.033333,19.383333,18.8,2965.0,416.0,152.0,34.28378,970.0,532.0,875.0,970.0,7.816667,90.89148,23.580935,23.3,14.7,8.599999,18.8,18.983334,1493
TA2_13,5.22124653856118,-76.07931432778031,0,90,19.033333,19.383333,18.8,2965.0,416.0,152.0,34.28378,970.0,532.0,875.0,970.0,7.816667,90.89148,23.580935,23.3,14.7,8.599999,18.8,18.983334,1493
TA2_14,5.220928928534676,-76.07869098300563,0,90,19.033333,19.383333,18.8,2965.0,416.0,152.0,34.28378,970.0,532.0,875.0,970.0,7.816667,90.89148,23.580935,23.3,14.7,8.599999,18.8,18.983334,1493
TA2_15,5.220819487578057,-76.078,0,95,19.033333,19.383333,18.8,2965.0,416.0,152.0,34.28378,970.0,532.0,875.0,970.0,7.816667,90.89148,23.580935,23.3,14.7,8.599999,18.8,18.983334,1493
TA2_16,5.220928928534676,-76.07730901699438,0,90,19.033333,19.383333,18.8,2965.0,416.0,152.0,34.28378,970.0,532.0,875.0,970.0,7.816667,90.89148,23.580935,23.3,14.7,8.599999,18.8,18.983334,1493
TA2_17,5.22124653856118,-76.0766856722197,0,95,19.033333,19.383333,18.8,2965.0,416.0,152.0,34.28378,970.0,532.0,875.0,970.0,7.816667,90.89148,23.580935,23.3,14.7,8.599999,18.8,18.983334,1493
TA2_18,5.221741227775258,-76.07619098300563,0,90,19.033333,19.383333,18.8,2965.0,416.0,152.0,34.28378,970.0,532.0,875.0,970.0,7.816667,90.89148,23.580935,23.3,14.7,8.599999,18.8,18.983334,1493
TA2_19,5.22236457254993,-76.07587337297912,0,90,19.033333,19.383333,18.8,2965.0,416.0,152.0,34.28378,970.0,532.0,875.0,970.0,7.816667,90.89148,23.580935,23.3,14.7,8.599999,18.8,18.983334,1493
TA2_20,5.223055555555556,-76.07576393202251,0,95,19.033333,19.383333,18.8,2965.0,416.0,152.0,34.28378,970.0,532.0,875.0,970.0,7.816667,90.89148,23.580935,23.3,14.7,8.599999,18.8,18.983334,1493
TA3_1,5.220663205227848,-76.07715115075689,0,95,19.033333,19.383333,18.8,2965.0,416.0,152.0,34.28378,970.0,532.0,875.0,970.0,7.816667,90.89148,23.580935,23.3,14.7,8.599999,18.8,18.983334,1493
TA3_2,5.22128655000252,-76.0774687607834,0,95,19.033333,19.383333,18.8,2965.0,416.0,152.0,34.28378,970.0,532.0,875.0,970.0,7.816667,90.89148,23.580935,23.3,14.7,8.599999,18.8,18.983334,1493
TA3_3,5.221781239216598,-76.07796344999747,0,95,19.033333,19.383333,18.8,2965.0,416.0,152.0,34.28378,970.0,532.0,875.0,970.0,7.816667,90.89148,23.580935,23.3,14.7,8.599999,18.8,18.983334,1493
TA3_4,5.222098849243102,-76.07858679477215,0,95,19.033333,19.383333,18.8,2965.0,416.0,152.0,34.28378,970.0,532.0,875.0,970.0,7.816667,90.89148,23.580935,23.3,14.7,8.599999,18.8,18.983334,1493
TA3_5,5.222208290199721,-76.07927777777778,0,63,19.033333,19.383333,18.8,2965.0,416.0,152.0,34.28378,970.0,532.0,875.0,970.0,7.816667,90.89148,23.580935,23.3,14.7,8.599999,18.8,18.983334,1493
TA3_6,5.222098849243102,-76.0799687607834,0,79,19.033333,19.383333,18.8,2965.0,416.0,152.0,34.28378,970.0,532.0,875.0,970.0,7.816667,90.89148,23.580935,23.3,14.7,8.599999,18.8,18.983334,1493
TA3_7,5.221781239216598,-76.08059210555808,0,90,19.033333,19.383333,18.8,2965.0,416.0,152.0,34.28378,970.0,532.0,875.0,970.0,7.816667,90.89148,23.580935,23.3,14.7,8.599999,18.8,18.983334,1493
TA3_8,5.22128655000252,-76.08108679477215,0,76,19.033333,19.383333,18.8,2965.0,416.0,152.0,34.28378,970.0,532.0,875.0,970.0,7.816667,90.89148,23.580935,23.3,14.7,8.599999,18.8,18.983334,1493
TA3_9,5.220663205227848,-76.08140440479866,0,81,19.033333,19.383333,18.8,2965.0,416.0,152.0,34.28378,970.0,532.0,875.0,970.0,7.816667,90.89148,23.580935,23.3,14.7,8.599999,18.8,18.983334,1493
TA3_10,5.219972222222222,-76.08151384575527,0,87,19.033333,19.383333,18.8,2965.0,416.0,152.0,34.28378,970.0,532.0,875.0,970.0,7.816667,90.89148,23.580935,23.3,14.7,8.599999,18.8,18.983334,1493
TA3_11,5.219281239216596,-76.08140440479866,0,95,19.033333,19.383333,18.8,2965.0,416.0,152.0,34.28378,970.0,532.0,875.0,970.0,7.816667,90.89148,23.580935,23.3,14.7,8.599999,18.8,18.983334,1493
TA3_12,5.218657894441924,-76.08108679477215,0,95,19.033333,19.383333,18.8,2965.0,416.0,152.0,34.28378,970.0,532.0,875.0,970.0,7.816667,90.89148,23.580935,23.3,14.7,8.599999,18.8,18.983334,1493
TA3_13,5.218163205227847,-76.08059210555808,0,89,19.033333,19.383333,18.8,2965.0,416.0,152.0,34.28378,970.0,532.0,875.0,970.0,7.816667,90.89148,23.580935,23.3,14.7,8.599999,18.8,18.983334,1493
TA3_14,5.217845595201342,-76.0799687607834,0,74,19.033333,19.383333,18.8,2965.0,416.0,152.0,34.28378,970.0,532.0,875.0,970.0,7.816667,90.89148,23.580935,23.3,14.7,8.599999,18.8,18.983334,1493
TA3_15,5.217736154244723,-76.07927777777778,0,75,19.033333,19.383333,18.8,2965.0,416.0,152.0,34.28378,970.0,532.0,875.0,970.0,7.816667,90.89148,23.580935,23.3,14.7,8.599999,18.8,18.983334,1493
TA3_16,5.217845595201342,-76.07858679477215,0,21,19.033333,19.383333,18.8,2965.0,416.0,152.0,34.28378,970.0,532.0,875.0,970.0,7.816667,90.89148,23.580935,23.3,14.7,8.599999,18.8,18.983334,1493
TA3_17,5.218163205227847,-76.07796344999747,0,74,19.033333,19.383333,18.8,2965.0,416.0,152.0,34.28378,970.0,532.0,875.0,970.0,7.816667,90.89148,23.580935,23.3,14.7,8.599999,18.8,18.983334,1493
TA3_18,5.218657894441924,-76.0774687607834,0,90,19.033333,19.383333,18.8,2965.0,416.0,152.0,34.28378,970.0,532.0,875.0,970.0,7.816667,90.89148,23.580935,23.3,14.7,8.599999,18.8,18.983334,1493
TA3_19,5.219281239216596,-76.07715115075689,0,95,19.033333,19.383333,18.8,2965.0,416.0,152.0,34.28378,970.0,532.0,875.0,970.0,7.816667,90.89148,23.580935,23.3,14.7,8.599999,18.8,18.983334,1493
TA3_20,5.219972222222222,-76.07704170980028,0,95,19.033333,19.383333,18.8,2965.0,416.0,152.0,34.28378,970.0,532.0,875.0,970.0,7.816667,90.89148,23.580935,23.3,14.7,8.599999,18.8,18.983334,1493
TA4_1,5.232940983005626,-76.08979003964578,0,95,18.883333,19.2,18.65,2471.0,299.0,130.0,30.370901,770.0,418.0,709.0,717.0,7.7666664,92.46032,21.881224,23.0,14.6,8.4,19.083334,18.983334,1536
TA4_2,5.233564327780298,-76.09010764967229,0,95,19.8875,20.25,19.6,2871.0,363.0,128.0,31.151634,892.0,474.0,868.0,892.0,8.425,91.57609,25.77216,24.5,15.3,9.2,19.6,20.05,1377
TA4_3,5.234059016994376,-76.09060233888636,0,95,19.8875,20.25,19.6,2871.0,363.0,128.0,31.151634,892.0,474.0,868.0,892.0,8.425,91.57609,25.77216,24.5,15.3,9.2,19.6,20.05,1377
TA4_4,5.234376627020881,-76.09122568366104,0,90,19.8875,20.25,19.6,2871.0,363.0,128.0,31.151634,892.0,474.0,868.0,892.0,8.425,91.57609,25.77216,24.5,15.3,9.2,19.6,20.05,1377
TA4_5,5.2344860679775,-76.09191666666666,0,97,18.754168,19.083334,18.5,3087.0,414.0,163.0,26.5564,921.0,637.0,853.0,885.0,7.725,91.96429,23.204458,22.9,14.5,8.4,18.5,18.666666,1568
TA4_6,5.234376627020881,-76.09260764967229,0,97,18.754168,19.083334,18.5,3087.0,414.0,163.0,26.5564,921.0,637.0,853.0,885.0,7.725,91.96429,23.204458,22.9,14.5,8.4,18.5,18.666666,1568
TA4_7,5.234059016994376,-76.09323099444697,0,95,18.754168,19.083334,18.5,3087.0,414.0,163.0,26.5564,921.0,637.0,853.0,885.0,7.725,91.96429,23.204458,22.9,14.5,8.4,18.5,18.666666,1568
TA4_8,5.233564327780298,-76.09372568366103,0,95,18.754168,19.083334,18.5,3087.0,414.0,163.0,26.5564,921.0,637.0,853.0,885.0,7.725,91.96429,23.204458,22.9,14.5,8.4,18.5,18.666666,1568
TA4_9,5.232940983005626,-76.09404329368755,0,95,18.7875,19.116667,18.55,2605.0,379.0,94.0,35.614826,862.0,458.0,765.0,862.0,7.741667,92.162704,22.373373,22.9,14.5,8.4,18.55,18.9,1544
TA4_10,5.2322500000000005,-76.09415273464415,0,95,18.7875,19.116667,18.55,2605.0,379.0,94.0,35.614826,862.0,458.0,765.0,862.0,7.741667,92.162704,22.373373,22.9,14.5,8.4,18.55,18.9,1544
TA4_11,5.231559016994375,-76.09404329368755,0,95,18.7875,19.116667,18.55,2605.0,379.0,94.0,35.614826,862.0,458.0,765.0,862.0,7.741667,92.162704,22.373373,22.9,14.5,8.4,18.55,18.9,1544
TA4_12,5.230935672219703,-76.09372568366103,0,95,18.7875,19.116667,18.55,2605.0,379.0,94.0,35.614826,862.0,458.0,765.0,862.0,7.741667,92.162704,22.373373,22.9,14.5,8.4,18.55,18.9,1544
TA4_13,5.230440983005625,-76.09323099444697,0,95,18.7875,19.116667,18.55,2605.0,379.0,94.0,35.614826,862.0,458.0,765.0,862.0,7.741667,92.162704,22.373373,22.9,14.5,8.4,18.55,18.9,1544
TA4_14,5.23012337297912,-76.09260764967229,0,93,18.7875,19.116667,18.55,2605.0,379.0,94.0,35.614826,862.0,458.0,765.0,862.0,7.741667,92.162704,22.373373,22.9,14.5,8.4,18.55,18.9,1544
TA4_15,5.230013932022501,-76.09191666666666,0,90,18.7875,19.116667,18.55,2605.0,379.0,94.0,35.614826,862.0,458.0,765.0,862.0,7.741667,92.162704,22.373373,22.9,14.5,8.4,18.55,18.9,1544
TA4_16,5.23012337297912,-76.09122568366104,0,95,18.883333,19.2,18.65,2471.0,299.0,130.0,30.370901,770.0,418.0,709.0,717.0,7.7666664,92.46032,21.881224,23.0,14.6,8.4,19.083334,18.983334,1536
TA4_17,5.230440983005625,-76.09060233888636,0,95,18.883333,19.2,18.65,2471.0,299.0,130.0,30.370901,770.0,418.0,709.0,717.0,7.7666664,92.46032,21.881224,23.0,14.6,8.4,19.083334,18.983334,1536
TA4_18,5.230935672219703,-76.09010764967229,0,90,18.883333,19.2,18.65,2471.0,299.0,130.0,30.370901,770.0,418.0,709.0,717.0,7.7666664,92.46032,21.881224,23.0,14.6,8.4,19.083334,18.983334,1536
TA4_19,5.231559016994375,-76.08979003964578,0,95,18.883333,19.2,18.65,2471.0,299.0,130.0,30.370901,770.0,418.0,709.0,717.0,7.7666664,92.46032,21.881224,23.0,14.6,8.4,19.083334,18.983334,1536
TA4_20,5.2322500000000005,-76.08968059868917,0,95,18.883333,19.2,18.65,2471.0,299.0,130.0,30.370901,770.0,418.0,709.0,717.0,7.7666664,92.46032,21.881224,23.0,14.6,8.4,19.083334,18.983334,1536
TA5_1,5.240913205227848,-76.08995670631245,0,90,19.8875,20.25,19.6,2871.0,363.0,128.0,31.151634,892.0,474.0,868.0,892.0,8.425,91.57609,25.77216,24.5,15.3,9.2,19.6,20.05,1377
TA5_2,5.24153655000252,-76.09027431633896,0,90,19.8875,20.25,19.6,2871.0,363.0,128.0,31.151634,892.0,474.0,868.0,892.0,8.425,91.57609,25.77216,24.5,15.3,9.2,19.6,20.05,1377
TA5_3,5.2420312392165975,-76.09076900555303,0,90,19.9375,20.3,19.683332,3050.0,391.0,150.0,24.573162,934.0,573.0,868.0,934.0,8.458333,91.93839,24.691298,24.6,15.4,9.200001,19.683332,19.883333,1373
TA5_4,5.242348849243102,-76.09139235032771,0,90,19.9375,20.3,19.683332,3050.0,391.0,150.0,24.573162,934.0,573.0,868.0,934.0,8.458333,91.93839,24.691298,24.6,15.4,9.200001,19.683332,19.883333,1373
TA5_5,5.242458290199721,-76.09208333333333,0,90,18.3375,18.633333,18.066666,3066.0,418.0,162.0,31.792627,992.0,555.0,875.0,992.0,7.758333,92.361115,22.676077,22.5,14.1,8.4,18.066666,18.366667,1667
TA5_6,5.242348849243102,-76.09277431633896,0,78,18.3375,18.633333,18.066666,3066.0,418.0,162.0,31.792627,992.0,555.0,875.0,992.0,7.758333,92.361115,22.676077,22.5,14.1,8.4,18.066666,18.366667,1667
TA5_7,5.2420312392165975,-76.09339766111364,0,90,18.3375,18.633333,18.066666,3066.0,418.0,162.0,31.792627,992.0,555.0,875.0,992.0,7.758333,92.361115,22.676077,22.5,14.1,8.4,18.066666,18.366667,1667
TA5_8,5.24153655000252,-76.0938923503277,0,83,18.754168,19.083334,18.5,3087.0,414.0,163.0,26.5564,921.0,637.0,853.0,885.0,7.725,91.96429,23.204458,22.9,14.5,8.4,18.5,18.666666,1568
TA5_9,5.240913205227848,-76.09420996035422,0,78,18.754168,19.083334,18.5,3087.0,414.0,163.0,26.5564,921.0,637.0,853.0,885.0,7.725,91.96429,23.204458,22.9,14.5,8.4,18.5,18.666666,1568
TA5_10,5.240222222222222,-76.09431940131083,0,90,18.754168,19.083334,18.5,3087.0,414.0,163.0,26.5564,921.0,637.0,853.0,885.0,7.725,91.96429,23.204458,22.9,14.5,8.4,18.5,18.666666,1568
TA5_11,5.239531239216596,-76.09420996035422,0,90,18.754168,19.083334,18.5,3087.0,414.0,163.0,26.5564,921.0,637.0,853.0,885.0,7.725,91.96429,23.204458,22.9,14.5,8.4,18.5,18.666666,1568
TA5_12,5.238907894441924,-76.0938923503277,0,90,18.754168,19.083334,18.5,3087.0,414.0,163.0,26.5564,921.0,637.0,853.0,885.0,7.725,91.96429,23.204458,22.9,14.5,8.4,18.5,18.666666,1568
TA5_13,5.238413205227847,-76.09339766111364,0,90,18.754168,19.083334,18.5,3087.0,414.0,163.0,26.5564,921.0,637.0,853.0,885.0,7.725,91.96429,23.204458,22.9,14.5,8.4,18.5,18.666666,1568
TA5_14,5.238095595201342,-76.09277431633896,0,90,18.754168,19.083334,18.5,3087.0,414.0,163.0,26.5564,921.0,637.0,853.0,885.0,7.725,91.96429,23.204458,22.9,14.5,8.4,18.5,18.666666,1568
TA5_15,5.237986154244723,-76.09208333333333,0,90,18.754168,19.083334,18.5,3087.0,414.0,163.0,26.5564,921.0,637.0,853.0,885.0,7.725,91.96429,23.204458,22.9,14.5,8.4,18.5,18.666666,1568
TA5_16,5.238095595201342,-76.09139235032771,0,99,19.8875,20.25,19.6,2871.0,363.0,128.0,31.151634,892.0,474.0,868.0,892.0,8.425,91.57609,25.77216,24.5,15.3,9.2,19.6,20.05,1377
TA5_17,5.238413205227847,-76.09076900555303,0,90,19.8875,20.25,19.6,2871.0,363.0,128.0,31.151634,892.0,474.0,868.0,892.0,8.425,91.57609,25.77216,24.5,15.3,9.2,19.6,20.05,1377
TA5_18,5.238907894441924,-76.09027431633896,0,90,19.8875,20.25,19.6,2871.0,363.0,128.0,31.151634,892.0,474.0,868.0,892.0,8.425,91.57609,25.77216,24.5,15.3,9.2,19.6,20.05,1377
TA5_19,5.239531239216596,-76.08995670631245,0,82,19.8875,20.25,19.6,2871.0,363.0,128.0,31.151634,892.0,474.0,868.0,892.0,8.425,91.57609,25.77216,24.5,15.3,9.2,19.6,20.05,1377
TA5_20,5.240222222222222,-76.08984726535584,0,83,19.8875,20.25,19.6,2871.0,363.0,128.0,31.151634,892.0,474.0,868.0,892.0,8.425,91.57609,25.77216,24.5,15.3,9.2,19.6,20.05,1377
TA6_1,5.245385427450071,-76.09162337297911,0,85,19.9375,20.3,19.683332,3050.0,391.0,150.0,24.573162,934.0,573.0,868.0,934.0,8.458333,91.93839,24.691298,24.6,15.4,9.200001,19.683332,19.883333,1373
TA6_2,5.246008772224743,-76.09194098300563,0,90,18.3375,18.633333,18.066666,3066.0,418.0,162.0,31.792627,992.0,555.0,875.0,992.0,7.758333,92.361115,22.676077,22.5,14.1,8.4,18.066666,18.366667,1667
TA6_3,5.24650346143882,-76.0924356722197,0,90,18.3375,18.633333,18.066666,3066.0,418.0,162.0,31.792627,992.0,555.0,875.0,992.0,7.758333,92.361115,22.676077,22.5,14.1,8.4,18.066666,18.366667,1667
TA6_4,5.246821071465325,-76.09305901699437,0,95,18.3375,18.633333,18.066666,3066.0,418.0,162.0,31.792627,992.0,555.0,875.0,992.0,7.758333,92.361115,22.676077,22.5,14.1,8.4,18.066666,18.366667,1667
TA6_5,5.246930512421944,-76.09375,0,90,18.3375,18.633333,18.066666,3066.0,418.0,162.0,31.792627,992.0,555.0,875.0,992.0,7.758333,92.361115,22.676077,22.5,14.1,8.4,18.066666,18.366667,1667
TA6_6,5.246821071465325,-76.09444098300563,0,95,18.3375,18.633333,18.066666,3066.0,418.0,162.0,31.792627,992.0,555.0,875.0,992.0,7.758333,92.361115,22.676077,22.5,14.1,8.4,18.066666,18.366667,1667
TA6_7,5.24650346143882,-76.0950643277803,0,90,18.3375,18.633333,18.066666,3066.0,418.0,162.0,31.792627,992.0,555.0,875.0,992.0,7.758333,92.361115,22.676077,22.5,14.1,8.4,18.066666,18.366667,1667
TA6_8,5.246008772224743,-76.09555901699437,0,90,18.3375,18.633333,18.066666,3066.0,418.0,162.0,31.792627,992.0,555.0,875.0,992.0,7.758333,92.361115,22.676077,22.5,14.1,8.4,18.066666,18.366667,1667
TA6_9,5.245385427450071,-76.09587662702089,0,90,18.3375,18.633333,18.066666,3066.0,418.0,162.0,31.792627,992.0,555.0,875.0,992.0,7.758333,92.361115,22.676077,22.5,14.1,8.4,18.066666,18.366667,1667
TA6_10,5.244694444444445,-76.09598606797749,0,90,18.3375,18.633333,18.066666,3066.0,418.0,162.0,31.792627,992.0,555.0,875.0,992.0,7.758333,92.361115,22.676077,22.5,14.1,8.4,18.066666,18.366667,1667
TA6_11,5.244003461438819,-76.09587662702089,0,90,18.3375,18.633333,18.066666,3066.0,418.0,162.0,31.792627,992.0,555.0,875.0,992.0,7.758333,92.361115,22.676077,22.5,14.1,8.4,18.066666,18.366667,1667
TA6_12,5.243380116664147,-76.09555901699437,0,94,18.3375,18.633333,18.066666,3066.0,418.0,162.0,31.792627,992.0,555.0,875.0,992.0,7.758333,92.361115,22.676077,22.5,14.1,8.4,18.066666,18.366667,1667
TA6_13,5.242885427450069,-76.0950643277803,0,95,18.3375,18.633333,18.066666,3066.0,418.0,162.0,31.792627,992.0,555.0,875.0,992.0,7.758333,92.361115,22.676077,22.5,14.1,8.4,18.066666,18.366667,1667
TA6_14,5.242567817423565,-76.09444098300563,0,90,18.3375,18.633333,18.066666,3066.0,418.0,162.0,31.792627,992.0,555.0,875.0,992.0,7.758333,92.361115,22.676077,22.5,14.1,8.4,18.066666,18.366667,1667
TA6_15,5.242458376466946,-76.09375,0,90,18.3375,18.633333,18.066666,3066.0,418.0,162.0,31.792627,992.0,555.0,875.0,992.0,7.758333,92.361115,22.676077,22.5,14.1,8.4,18.066666,18.366667,1667
TA6_16,5.242567817423565,-76.09305901699437,0,90,18.3375,18.633333,18.066666,3066.0,418.0,162.0,31.792627,992.0,555.0,875.0,992.0,7.758333,92.361115,22.676077,22.5,14.1,8.4,18.066666,18.366667,1667
TA6_17,5.242885427450069,-76.0924356722197,0,90,18.3375,18.633333,18.066666,3066.0,418.0,162.0,31.792627,992.0,555.0,875.0,992.0,7.758333,92.361115,22.676077,22.5,14.1,8.4,18.066666,18.366667,1667
TA6_18,5.243380116664147,-76.09194098300563,0,95,18.3375,18.633333,18.066666,3066.0,418.0,162.0,31.792627,992.0,555.0,875.0,992.0,7.758333,92.361115,22.676077,22.5,14.1,8.4,18.066666,18.366667,1667
TA6_19,5.244003461438819,-76.09162337297911,0,90,19.9375,20.3,19.683332,3050.0,391.0,150.0,24.573162,934.0,573.0,868.0,934.0,8.458333,91.93839,24.691298,24.6,15.4,9.200001,19.683332,19.883333,1373
TA6_20,5.244694444444445,-76.09151393202251,0,90,19.9375,20.3,19.683332,3050.0,391.0,150.0,24.573162,934.0,573.0,868.0,934.0,8.458333,91.93839,24.691298,24.6,15.4,9.200001,19.683332,19.883333,1373
TA7_1,5.246940983005626,-76.09398448409021,0,90,18.3375,18.633333,18.066666,3066.0,418.0,162.0,31.792627,992.0,555.0,875.0,992.0,7.758333,92.361115,22.676077,22.5,14.1,8.4,18.066666,18.366667,1667
TA7_2,5.247564327780298,-76.09430209411673,0,90,18.3375,18.633333,18.066666,3066.0,418.0,162.0,31.792627,992.0,555.0,875.0,992.0,7.758333,92.361115,22.676077,22.5,14.1,8.4,18.066666,18.366667,1667
TA7_3,5.248059016994375,-76.09479678333079,0,95,18.3375,18.633333,18.066666,3066.0,418.0,162.0,31.792627,992.0,555.0,875.0,992.0,7.758333,92.361115,22.676077,22.5,14.1,8.4,18.066666,18.366667,1667
TA7_4,5.24837662702088,-76.09542012810547,0,95,18.3375,18.633333,18.066666,3066.0,418.0,162.0,31.792627,992.0,555.0,875.0,992.0,7.758333,92.361115,22.676077,22.5,14.1,8.4,18.066666,18.366667,1667
TA7_5,5.248486067977499,-76.0961111111111,0,95,18.3375,18.633333,18.066666,3066.0,418.0,162.0,31.792627,992.0,555.0,875.0,992.0,7.758333,92.361115,22.676077,22.5,14.1,8.4,18.066666,18.366667,1667
TA7_6,5.24837662702088,-76.09680209411673,0,90,18.3375,18.633333,18.066666,3066.0,418.0,162.0,31.792627,992.0,555.0,875.0,992.0,7.758333,92.361115,22.676077,22.5,14.1,8.4,18.066666,18.366667,1667
TA7_7,5.248059016994375,-76.0974254388914,0,90,18.3375,18.633333,18.066666,3066.0,418.0,162.0,31.792627,992.0,555.0,875.0,992.0,7.758333,92.361115,22.676077,22.5,14.1,8.4,18.066666,18.366667,1667
TA7_8,5.247564327780298,-76.09792012810547,0,95,18.3375,18.633333,18.066666,3066.0,418.0,162.0,31.792627,992.0,555.0,875.0,992.0,7.758333,92.361115,22.676077,22.5,14.1,8.4,18.066666,18.366667,1667
TA7_9,5.246940983005626,-76.09823773813198,0,90,18.3375,18.633333,18.066666,3066.0,418.0,162.0,31.792627,992.0,555.0,875.0,992.0,7.758333,92.361115,22.676077,22.5,14.1,8.4,18.066666,18.366667,1667
TA7_10,5.24625,-76.09834717908859,0,90,18.3375,18.633333,18.066666,3066.0,418.0,162.0,31.792627,992.0,555.0,875.0,992.0,7.758333,92.361115,22.676077,22.5,14.1,8.4,18.066666,18.366667,1667
TA7_11,5.245559016994374,-76.09823773813198,0,90,18.3375,18.633333,18.066666,3066.0,418.0,162.0,31.792627,992.0,555.0,875.0,992.0,7.758333,92.361115,22.676077,22.5,14.1,8.4,18.066666,18.366667,1667
TA7_12,5.244935672219702,-76.09792012810547,0,90,18.3375,18.633333,18.066666,3066.0,418.0,162.0,31.792627,992.0,555.0,875.0,992.0,7.758333,92.361115,22.676077,22.5,14.1,8.4,18.066666,18.366667,1667
TA7_13,5.2444409830056244,-76.0974254388914,0,90,18.3375,18.633333,18.066666,3066.0,418.0,162.0,31.792627,992.0,555.0,875.0,992.0,7.758333,92.361115,22.676077,22.5,14.1,8.4,18.066666,18.366667,1667
TA7_14,5.24412337297912,-76.09680209411673,0,90,18.3375,18.633333,18.066666,3066.0,418.0,162.0,31.792627,992.0,555.0,875.0,992.0,7.758333,92.361115,22.676077,22.5,14.1,8.4,18.066666,18.366667,1667
TA7_15,5.244013932022501,-76.0961111111111,0,90,18.3375,18.633333,18.066666,3066.0,418.0,162.0,31.792627,992.0,555.0,875.0,992.0,7.758333,92.361115,22.676077,22.5,14.1,8.4,18.066666,18.366667,1667
TA7_16,5.24412337297912,-76.09542012810547,0,90,18.3375,18.633333,18.066666,3066.0,418.0,162.0,31.792627,992.0,555.0,875.0,992.0,7.758333,92.361115,22.676077,22.5,14.1,8.4,18.066666,18.366667,1667
TA7_17,5.2444409830056244,-76.09479678333079,0,90,18.3375,18.633333,18.066666,3066.0,418.0,162.0,31.792627,992.0,555.0,875.0,992.0,7.758333,92.361115,22.676077,22.5,14.1,8.4,18.066666,18.366667,1667
TA7_18,5.244935672219702,-76.09430209411673,0,89,18.3375,18.633333,18.066666,3066.0,418.0,162.0,31.792627,992.0,555.0,875.0,992.0,7.758333,92.361115,22.676077,22.5,14.1,8.4,18.066666,18.366667,1667
TA7_19,5.245559016994374,-76.09398448409021,0,90,18.3375,18.633333,18.066666,3066.0,418.0,162.0,31.792627,992.0,555.0,875.0,992.0,7.758333,92.361115,22.676077,22.5,14.1,8.4,18.066666,18.366667,1667
TA7_20,5.24625,-76.09387504313361,0,92,18.3375,18.633333,18.066666,3066.0,418.0,162.0,31.792627,992.0,555.0,875.0,992.0,7.758333,92.361115,22.676077,22.5,14.1,8.4,18.066666,18.366667,1667
TA8_1,5.238857649672292,-76.08181781742356,0,34,20.15,20.516666,19.866667,2322.0,310.0,116.0,31.826435,734.0,378.0,701.0,695.0,8.633333,91.84398,25.849207,24.9,15.5,9.4,20.366667,20.3,1343
TA8_2,5.239480994446964,-76.08213542745007,0,95,20.15,20.516666,19.866667,2322.0,310.0,116.0,31.826435,734.0,378.0,701.0,695.0,8.633333,91.84398,25.849207,24.9,15.5,9.4,20.366667,20.3,1343
TA8_3,5.239975683661042,-76.08263011666413,0,91,20.15,20.516666,19.866667,2322.0,310.0,116.0,31.826435,734.0,378.0,701.0,695.0,8.633333,91.84398,25.849207,24.9,15.5,9.4,20.366667,20.3,1343
TA8_4,5.240293293687547,-76.08325346143882,0,95,19.8875,20.25,19.6,2871.0,363.0,128.0,31.151634,892.0,474.0,868.0,892.0,8.425,91.57609,25.77216,24.5,15.3,9.2,19.6,20.05,1377
TA8_5,5.2404027346441655,-76.08394444444444,0,95,19.8875,20.25,19.6,2871.0,363.0,128.0,31.151634,892.0,474.0,868.0,892.0,8.425,91.57609,25.77216,24.5,15.3,9.2,19.6,20.05,1377
TA8_6,5.240293293687547,-76.08463542745007,0,95,19.8875,20.25,19.6,2871.0,363.0,128.0,31.151634,892.0,474.0,868.0,892.0,8.425,91.57609,25.77216,24.5,15.3,9.2,19.6,20.05,1377
TA8_7,5.239975683661042,-76.08525877222475,0,91,19.8875,20.25,19.6,2871.0,363.0,128.0,31.151634,892.0,474.0,868.0,892.0,8.425,91.57609,25.77216,24.5,15.3,9.2,19.6,20.05,1377
TA8_8,5.239480994446964,-76.08575346143881,0,95,19.8875,20.25,19.6,2871.0,363.0,128.0,31.151634,892.0,474.0,868.0,892.0,8.425,91.57609,25.77216,24.5,15.3,9.2,19.6,20.05,1377
TA8_9,5.238857649672292,-76.08607107146533,0,95,19.8875,20.25,19.6,2871.0,363.0,128.0,31.151634,892.0,474.0,868.0,892.0,8.425,91.57609,25.77216,24.5,15.3,9.2,19.6,20.05,1377
TA8_10,5.238166666666666,-76.08618051242193,0,95,19.8875,20.25,19.6,2871.0,363.0,128.0,31.151634,892.0,474.0,868.0,892.0,8.425,91.57609,25.77216,24.5,15.3,9.2,19.6,20.05,1377
TA8_11,5.2374756836610405,-76.08607107146533,0,95,19.8875,20.25,19.6,2871.0,363.0,128.0,31.151634,892.0,474.0,868.0,892.0,8.425,91.57609,25.77216,24.5,15.3,9.2,19.6,20.05,1377
TA8_12,5.236852338886369,-76.08575346143881,0,95,19.8875,20.25,19.6,2871.0,363.0,128.0,31.151634,892.0,474.0,868.0,892.0,8.425,91.57609,25.77216,24.5,15.3,9.2,19.6,20.05,1377
TA8_13,5.236357649672291,-76.08525877222475,0,75,19.8875,20.25,19.6,2871.0,363.0,128.0,31.151634,892.0,474.0,868.0,892.0,8.425,91.57609,25.77216,24.5,15.3,9.2,19.6,20.05,1377
TA8_14,5.236040039645786,-76.08463542745007,0,95,19.8875,20.25,19.6,2871.0,363.0,128.0,31.151634,892.0,474.0,868.0,892.0,8.425,91.57609,25.77216,24.5,15.3,9.2,19.6,20.05,1377
TA8_15,5.235930598689167,-76.08394444444444,0,90,19.8875,20.25,19.6,2871.0,363.0,128.0,31.151634,892.0,474.0,868.0,892.0,8.425,91.57609,25.77216,24.5,15.3,9.2,19.6,20.05,1377
TA8_16,5.236040039645786,-76.08325346143882,0,64,19.8875,20.25,19.6,2871.0,363.0,128.0,31.151634,892.0,474.0,868.0,892.0,8.425,91.57609,25.77216,24.5,15.3,9.2,19.6,20.05,1377
TA8_17,5.236357649672291,-76.08263011666413,0,43,20.15,20.516666,19.866667,2322.0,310.0,116.0,31.826435,734.0,378.0,701.0,695.0,8.633333,91.84398,25.849207,24.9,15.5,9.4,20.366667,20.3,1343
TA8_18,5.236852338886369,-76.08213542745007,0,21,20.15,20.516666,19.866667,2322.0,310.0,116.0,31.826435,734.0,378.0,701.0,695.0,8.633333,91.84398,25.849207,24.9,15.5,9.4,20.366667,20.3,1343
TA8_19,5.2374756836610405,-76.08181781742356,0,71,20.15,20.516666,19.866667,2322.0,310.0,116.0,31.826435,734.0,378.0,701.0,695.0,8.633333,91.84398,25.849207,24.9,15.5,9.4,20.366667,20.3,1343
TA8_20,5.238166666666666,-76.08170837646695,0,60,20.15,20.516666,19.866667,2322.0,310.0,116.0,31.826435,734.0,378.0,701.0,695.0,8.633333,91.84398,25.849207,24.9,15.5,9.4,20.366667,20.3,1343
TA9_1,5.248329871894515,-76.09648448409023,0,95,18.3375,18.633333,18.066666,3066.0,418.0,162.0,31.792627,992.0,555.0,875.0,992.0,7.758333,92.361115,22.676077,22.5,14.1,8.4,18.066666,18.366667,1667
TA9_2,5.248953216669187,-76.09680209411674,0,95,18.3375,18.633333,18.066666,3066.0,418.0,162.0,31.792627,992.0,555.0,875.0,992.0,7.758333,92.361115,22.676077,22.5,14.1,8.4,18.066666,18.366667,1667
TA9_3,5.249447905883264,-76.0972967833308,0,95,18.3375,18.633333,18.066666,3066.0,418.0,162.0,31.792627,992.0,555.0,875.0,992.0,7.758333,92.361115,22.676077,22.5,14.1,8.4,18.066666,18.366667,1667
TA9_4,5.249765515909769,-76.09792012810549,0,95,18.3375,18.633333,18.066666,3066.0,418.0,162.0,31.792627,992.0,555.0,875.0,992.0,7.758333,92.361115,22.676077,22.5,14.1,8.4,18.066666,18.366667,1667
TA9_5,5.249874956866388,-76.09861111111111,0,90,18.3375,18.633333,18.066666,3066.0,418.0,162.0,31.792627,992.0,555.0,875.0,992.0,7.758333,92.361115,22.676077,22.5,14.1,8.4,18.066666,18.366667,1667
TA9_6,5.249765515909769,-76.09930209411674,0,95,18.3375,18.633333,18.066666,3066.0,418.0,162.0,31.792627,992.0,555.0,875.0,992.0,7.758333,92.361115,22.676077,22.5,14.1,8.4,18.066666,18.366667,1667
TA9_7,5.249447905883264,-76.09992543889142,0,90,18.3375,18.633333,18.066666,3066.0,418.0,162.0,31.792627,992.0,555.0,875.0,992.0,7.758333,92.361115,22.676077,22.5,14.1,8.4,18.066666,18.366667,1667
TA9_8,5.248953216669187,-76.10042012810548,0,90,17.033333,17.283333,16.75,2963.0,399.0,124.0,31.417236,886.0,514.0,830.0,886.0,7.5,90.36143,22.29283,21.2,12.9,8.300001,16.75,17.083334,1907
TA9_9,5.248329871894515,-76.100737738132,0,90,17.033333,17.283333,16.75,2963.0,399.0,124.0,31.417236,886.0,514.0,830.0,886.0,7.5,90.36143,22.29283,21.2,12.9,8.300001,16.75,17.083334,1907
TA9_10,5.247638888888889,-76.1008471790886,0,97,17.033333,17.283333,16.75,2963.0,399.0,124.0,31.417236,886.0,514.0,830.0,886.0,7.5,90.36143,22.29283,21.2,12.9,8.300001,16.75,17.083334,1907
TA9_11,5.246947905883263,-76.100737738132,0,90,17.033333,17.283333,16.75,2963.0,399.0,124.0,31.417236,886.0,514.0,830.0,886.0,7.5,90.36143,22.29283,21.2,12.9,8.300001,16.75,17.083334,1907
TA9_12,5.246324561108591,-76.10042012810548,0,90,17.033333,17.283333,16.75,2963.0,399.0,124.0,31.417236,886.0,514.0,830.0,886.0,7.5,90.36143,22.29283,21.2,12.9,8.300001,16.75,17.083334,1907
TA9_13,5.2458298718945136,-76.09992543889142,0,95,18.3375,18.633333,18.066666,3066.0,418.0,162.0,31.792627,992.0,555.0,875.0,992.0,7.758333,92.361115,22.676077,22.5,14.1,8.4,18.066666,18.366667,1667
TA9_14,5.245512261868009,-76.09930209411674,0,99,18.3375,18.633333,18.066666,3066.0,418.0,162.0,31.792627,992.0,555.0,875.0,992.0,7.758333,92.361115,22.676077,22.5,14.1,8.4,18.066666,18.366667,1667
TA9_15,5.24540282091139,-76.09861111111111,0,95,18.3375,18.633333,18.066666,3066.0,418.0,162.0,31.792627,992.0,555.0,875.0,992.0,7.758333,92.361115,22.676077,22.5,14.1,8.4,18.066666,18.366667,1667
TA9_16,5.245512261868009,-76.09792012810549,0,95,18.3375,18.633333,18.066666,3066.0,418.0,162.0,31.792627,992.0,555.0,875.0,992.0,7.758333,92.361115,22.676077,22.5,14.1,8.4,18.066666,18.366667,1667
TA9_17,5.2458298718945136,-76.0972967833308,0,90,18.3375,18.633333,18.066666,3066.0,418.0,162.0,31.792627,992.0,555.0,875.0,992.0,7.758333,92.361115,22.676077,22.5,14.1,8.4,18.066666,18.366667,1667
TA9_18,5.246324561108591,-76.09680209411674,0,90,18.3375,18.633333,18.066666,3066.0,418.0,162.0,31.792627,992.0,555.0,875.0,992.0,7.758333,92.361115,22.676077,22.5,14.1,8.4,18.066666,18.366667,1667
TA9_19,5.246947905883263,-76.09648448409023,0,90,18.3375,18.633333,18.066666,3066.0,418.0,162.0,31.792627,992.0,555.0,875.0,992.0,7.758333,92.361115,22.676077,22.5,14.1,8.4,18.066666,18.366667,1667
TA9_20,5.247638888888889,-76.09637504313362,0,95,18.3375,18.633333,18.066666,3066.0,418.0,162.0,31.792627,992.0,555.0,875.0,992.0,7.758333,92.361115,22.676077,22.5,14.1,8.4,18.066666,18.366667,1667
TA10_1,5.249829871894515,-76.14731781742356,0,90,16.729166,16.966667,16.449999,2485.0,373.0,123.0,37.646206,848.0,397.0,685.0,814.0,7.2416663,89.4033,21.474976,20.8,12.7,8.099999,16.466667,16.816666,1938
TA10_2,5.250453216669187,-76.14763542745007,0,89,17.833334,18.116667,17.55,2114.0,234.0,101.0,25.820887,642.0,373.0,626.0,628.0,7.416667,90.44716,22.796864,21.9,13.7,8.2,18.016666,17.933334,1734
TA10_3,5.250947905883264,-76.14813011666413,0,89,17.833334,18.116667,17.55,2114.0,234.0,101.0,25.820887,642.0,373.0,626.0,628.0,7.416667,90.44716,22.796864,21.9,13.7,8.2,18.016666,17.933334,1734
TA10_4,5.251265515909769,-76.14875346143882,0,91,17.833334,18.116667,17.55,2114.0,234.0,101.0,25.820887,642.0,373.0,626.0,628.0,7.416667,90.44716,22.796864,21.9,13.7,8.2,18.016666,17.933334,1734
TA10_5,5.251374956866388,-76.14944444444444,0,95,17.833334,18.116667,17.55,2114.0,234.0,101.0,25.820887,642.0,373.0,626.0,628.0,7.416667,90.44716,22.796864,21.9,13.7,8.2,18.016666,17.933334,1734
TA10_6,5.251265515909769,-76.15013542745007,0,89,17.566666,17.833332,17.3,2279.0,277.0,123.0,25.307436,721.0,407.0,672.0,665.0,7.333333,90.53497,21.672495,21.6,13.5,8.1,17.316666,17.516666,1790
TA10_7,5.250947905883264,-76.15075877222475,0,89,17.566666,17.833332,17.3,2279.0,277.0,123.0,25.307436,721.0,407.0,672.0,665.0,7.333333,90.53497,21.672495,21.6,13.5,8.1,17.316666,17.516666,1790
TA10_8,5.250453216669187,-76.15125346143881,0,89,17.566666,17.833332,17.3,2279.0,277.0,123.0,25.307436,721.0,407.0,672.0,665.0,7.333333,90.53497,21.672495,21.6,13.5,8.1,17.316666,17.516666,1790
TA10_9,5.249829871894515,-76.15157107146533,0,90,16.241667,16.466667,15.966666,2664.0,307.0,122.0,28.314787,811.0,510.0,702.0,796.0,7.133333,90.29535,21.302313,20.2,12.3,7.9000006,15.983334,16.366667,2026
TA10_10,5.249138888888889,-76.15168051242193,0,95,16.241667,16.466667,15.966666,2664.0,307.0,122.0,28.314787,811.0,510.0,702.0,796.0,7.133333,90.29535,21.302313,20.2,12.3,7.9000006,15.983334,16.366667,2026
TA10_11,5.248447905883263,-76.15157107146533,0,95,16.241667,16.466667,15.966666,2664.0,307.0,122.0,28.314787,811.0,510.0,702.0,796.0,7.133333,90.29535,21.302313,20.2,12.3,7.9000006,15.983334,16.366667,2026
TA10_12,5.247824561108591,-76.15125346143881,0,99,16.241667,16.466667,15.966666,2664.0,307.0,122.0,28.314787,811.0,510.0,702.0,796.0,7.133333,90.29535,21.302313,20.2,12.3,7.9000006,15.983334,16.366667,2026
TA10_13,5.247329871894514,-76.15075877222475,0,89,16.241667,16.466667,15.966666,2664.0,307.0,122.0,28.314787,811.0,510.0,702.0,796.0,7.133333,90.29535,21.302313,20.2,12.3,7.9000006,15.983334,16.366667,2026
TA10_14,5.247012261868009,-76.15013542745007,0,89,16.241667,16.466667,15.966666,2664.0,307.0,122.0,28.314787,811.0,510.0,702.0,796.0,7.133333,90.29535,21.302313,20.2,12.3,7.9000006,15.983334,16.366667,2026
TA10_15,5.24690282091139,-76.14944444444444,0,90,16.729166,16.966667,16.449999,2485.0,373.0,123.0,37.646206,848.0,397.0,685.0,814.0,7.2416663,89.4033,21.474976,20.8,12.7,8.099999,16.466667,16.816666,1938
TA10_16,5.247012261868009,-76.14875346143882,0,90,16.729166,16.966667,16.449999,2485.0,373.0,123.0,37.646206,848.0,397.0,685.0,814.0,7.2416663,89.4033,21.474976,20.8,12.7,8.099999,16.466667,16.816666,1938
TA10_17,5.247329871894514,-76.14813011666413,0,90,16.729166,16.966667,16.449999,2485.0,373.0,123.0,37.646206,848.0,397.0,685.0,814.0,7.2416663,89.4033,21.474976,20.8,12.7,8.099999,16.466667,16.816666,1938
TA10_18,5.247824561108591,-76.14763542745007,0,90,16.729166,16.966667,16.449999,2485.0,373.0,123.0,37.646206,848.0,397.0,685.0,814.0,7.2416663,89.4033,21.474976,20.8,12.7,8.099999,16.466667,16.816666,1938
TA10_19,5.248447905883263,-76.14731781742356,0,95,16.729166,16.966667,16.449999,2485.0,373.0,123.0,37.646206,848.0,397.0,685.0,814.0,7.2416663,89.4033,21.474976,20.8,12.7,8.099999,16.466667,16.816666,1938
TA10_20,5.249138888888889,-76.14720837646695,0,90,16.729166,16.966667,16.449999,2485.0,373.0,123.0,37.646206,848.0,397.0,685.0,814.0,7.2416663,89.4033,21.474976,20.8,12.7,8.099999,16.466667,16.816666,1938
TA11_1,5.249468760783404,-76.12537337297911,0,95,15.220833,15.400001,14.966666,2248.0,309.0,82.0,38.576023,771.0,316.0,649.0,771.0,7.1749997,89.68751,19.593414,19.3,11.3,7.999999,14.966666,15.316667,2228
TA11_2,5.250092105558076,-76.12569098300563,0,95,15.7375,15.95,15.466666,2323.0,309.0,112.0,35.49217,781.0,363.0,650.0,781.0,7.1916666,89.89584,20.902924,19.8,11.8,7.999999,15.466666,15.833333,2136
TA11_3,5.250586794772153,-76.12618567221969,0,90,15.7375,15.95,15.466666,2323.0,309.0,112.0,35.49217,781.0,363.0,650.0,781.0,7.1916666,89.89584,20.902924,19.8,11.8,7.999999,15.466666,15.833333,2136
TA11_4,5.250904404798658,-76.12680901699437,0,90,15.7375,15.95,15.466666,2323.0,309.0,112.0,35.49217,781.0,363.0,650.0,781.0,7.1916666,89.89584,20.902924,19.8,11.8,7.999999,15.466666,15.833333,2136
TA11_5,5.251013845755277,-76.1275,0,93,15.7375,15.95,15.466666,2323.0,309.0,112.0,35.49217,781.0,363.0,650.0,781.0,7.1916666,89.89584,20.902924,19.8,11.8,7.999999,15.466666,15.833333,2136
TA11_6,5.250904404798658,-76.12819098300562,0,90,15.7375,15.95,15.466666,2323.0,309.0,112.0,35.49217,781.0,363.0,650.0,781.0,7.1916666,89.89584,20.902924,19.8,11.8,7.999999,15.466666,15.833333,2136
TA11_7,5.250586794772153,-76.1288143277803,0,90,15.7375,15.95,15.466666,2323.0,309.0,112.0,35.49217,781.0,363.0,650.0,781.0,7.1916666,89.89584,20.902924,19.8,11.8,7.999999,15.466666,15.833333,2136
TA11_8,5.250092105558076,-76.12930901699437,0,98,15.7375,15.95,15.466666,2323.0,309.0,112.0,35.49217,781.0,363.0,650.0,781.0,7.1916666,89.89584,20.902924,19.8,11.8,7.999999,15.466666,15.833333,2136
TA11_9,5.249468760783404,-76.12962662702088,0,87,15.220833,15.400001,14.966666,2248.0,309.0,82.0,38.576023,771.0,316.0,649.0,771.0,7.1749997,89.68751,19.593414,19.3,11.3,7.999999,14.966666,15.316667,2228
TA11_10,5.248777777777778,-76.12973606797749,0,90,15.220833,15.400001,14.966666,2248.0,309.0,82.0,38.576023,771.0,316.0,649.0,771.0,7.1749997,89.68751,19.593414,19.3,11.3,7.999999,14.966666,15.316667,2228
TA11_11,5.248086794772152,-76.12962662702088,0,90,15.220833,15.400001,14.966666,2248.0,309.0,82.0,38.576023,771.0,316.0,649.0,771.0,7.1749997,89.68751,19.593414,19.3,11.3,7.999999,14.966666,15.316667,2228
TA11_12,5.24746344999748,-76.12930901699437,0,90,15.220833,15.400001,14.966666,2248.0,309.0,82.0,38.576023,771.0,316.0,649.0,771.0,7.1749997,89.68751,19.593414,19.3,11.3,7.999999,14.966666,15.316667,2228
TA11_13,5.246968760783402,-76.1288143277803,0,90,15.220833,15.400001,14.966666,2248.0,309.0,82.0,38.576023,771.0,316.0,649.0,771.0,7.1749997,89.68751,19.593414,19.3,11.3,7.999999,14.966666,15.316667,2228
TA11_14,5.246651150756898,-76.12819098300562,0,95,15.220833,15.400001,14.966666,2248.0,309.0,82.0,38.576023,771.0,316.0,649.0,771.0,7.1749997,89.68751,19.593414,19.3,11.3,7.999999,14.966666,15.316667,2228
TA11_15,5.246541709800279,-76.1275,0,95,15.220833,15.400001,14.966666,2248.0,309.0,82.0,38.576023,771.0,316.0,649.0,771.0,7.1749997,89.68751,19.593414,19.3,11.3,7.999999,14.966666,15.316667,2228
TA11_16,5.246651150756898,-76.12680901699437,0,95,15.220833,15.400001,14.966666,2248.0,309.0,82.0,38.576023,771.0,316.0,649.0,771.0,7.1749997,89.68751,19.593414,19.3,11.3,7.999999,14.966666,15.316667,2228
TA11_17,5.246968760783402,-76.12618567221969,0,90,15.220833,15.400001,14.966666,2248.0,309.0,82.0,38.576023,771.0,316.0,649.0,771.0,7.1749997,89.68751,19.593414,19.3,11.3,7.999999,14.966666,15.316667,2228
TA11_18,5.24746344999748,-76.12569098300563,0,95,15.220833,15.400001,14.966666,2248.0,309.0,82.0,38.576023,771.0,316.0,649.0,771.0,7.1749997,89.68751,19.593414,19.3,11.3,7.999999,14.966666,15.316667,2228
TA11_19,5.248086794772152,-76.12537337297911,0,90,15.220833,15.400001,14.966666,2248.0,309.0,82.0,38.576023,771.0,316.0,649.0,771.0,7.1749997,89.68751,19.593414,19.3,11.3,7.999999,14.966666,15.316667,2228
TA11_20,5.248777777777778,-76.1252639320225,0,95,15.220833,15.400001,14.966666,2248.0,309.0,82.0,38.576023,771.0,316.0,649.0,771.0,7.1749997,89.68751,19.593414,19.3,11.3,7.999999,14.966666,15.316667,2228
TA12_1,5.251857649672292,-76.10195670631244,0,90,16.629166,16.866667,16.366667,2140.0,289.0,83.0,37.20048,745.0,323.0,602.0,745.0,7.408333,90.345535,20.830303,20.8,12.6,8.199999,16.366667,16.733334,1984
TA12_2,5.252480994446964,-76.10227431633895,0,95,16.629166,16.866667,16.366667,2140.0,289.0,83.0,37.20048,745.0,323.0,602.0,745.0,7.408333,90.345535,20.830303,20.8,12.6,8.199999,16.366667,16.733334,1984
TA12_3,5.252975683661042,-76.10276900555301,0,90,16.629166,16.866667,16.366667,2140.0,289.0,83.0,37.20048,745.0,323.0,602.0,745.0,7.408333,90.345535,20.830303,20.8,12.6,8.199999,16.366667,16.733334,1984
TA12_4,5.2532932936875465,-76.1033923503277,0,95,16.629166,16.866667,16.366667,2140.0,289.0,83.0,37.20048,745.0,323.0,602.0,745.0,7.408333,90.345535,20.830303,20.8,12.6,8.199999,16.366667,16.733334,1984
TA12_5,5.253402734644165,-76.10408333333332,0,99,16.629166,16.866667,16.366667,2140.0,289.0,83.0,37.20048,745.0,323.0,602.0,745.0,7.408333,90.345535,20.830303,20.8,12.6,8.199999,16.366667,16.733334,1984
TA12_6,5.2532932936875465,-76.10477431633895,0,95,16.629166,16.866667,16.366667,2140.0,289.0,83.0,37.20048,745.0,323.0,602.0,745.0,7.408333,90.345535,20.830303,20.8,12.6,8.199999,16.366667,16.733334,1984
TA12_7,5.252975683661042,-76.10539766111363,0,90,16.629166,16.866667,16.366667,2140.0,289.0,83.0,37.20048,745.0,323.0,602.0,745.0,7.408333,90.345535,20.830303,20.8,12.6,8.199999,16.366667,16.733334,1984
TA12_8,5.252480994446964,-76.1058923503277,0,95,16.629166,16.866667,16.366667,2140.0,289.0,83.0,37.20048,745.0,323.0,602.0,745.0,7.408333,90.345535,20.830303,20.8,12.6,8.199999,16.366667,16.733334,1984
TA12_9,5.251857649672292,-76.1062099603542,0,95,16.629166,16.866667,16.366667,2140.0,289.0,83.0,37.20048,745.0,323.0,602.0,745.0,7.408333,90.345535,20.830303,20.8,12.6,8.199999,16.366667,16.733334,1984
TA12_10,5.251166666666666,-76.10631940131081,0,89,16.629166,16.866667,16.366667,2140.0,289.0,83.0,37.20048,745.0,323.0,602.0,745.0,7.408333,90.345535,20.830303,20.8,12.6,8.199999,16.366667,16.733334,1984
TA12_11,5.2504756836610404,-76.1062099603542,0,90,16.629166,16.866667,16.366667,2140.0,289.0,83.0,37.20048,745.0,323.0,602.0,745.0,7.408333,90.345535,20.830303,20.8,12.6,8.199999,16.366667,16.733334,1984
TA12_12,5.2498523388863685,-76.1058923503277,0,90,17.033333,17.283333,16.75,2963.0,399.0,124.0,31.417236,886.0,514.0,830.0,886.0,7.5,90.36143,22.29283,21.2,12.9,8.300001,16.75,17.083334,1907
TA12_13,5.249357649672291,-76.10539766111363,0,95,17.033333,17.283333,16.75,2963.0,399.0,124.0,31.417236,886.0,514.0,830.0,886.0,7.5,90.36143,22.29283,21.2,12.9,8.300001,16.75,17.083334,1907
TA12_14,5.249040039645786,-76.10477431633895,0,95,17.033333,17.283333,16.75,2963.0,399.0,124.0,31.417236,886.0,514.0,830.0,886.0,7.5,90.36143,22.29283,21.2,12.9,8.300001,16.75,17.083334,1907
TA12_15,5.248930598689167,-76.10408333333332,0,90,17.033333,17.283333,16.75,2963.0,399.0,124.0,31.417236,886.0,514.0,830.0,886.0,7.5,90.36143,22.29283,21.2,12.9,8.300001,16.75,17.083334,1907
TA12_16,5.249040039645786,-76.1033923503277,0,1,17.033333,17.283333,16.75,2963.0,399.0,124.0,31.417236,886.0,514.0,830.0,886.0,7.5,90.36143,22.29283,21.2,12.9,8.300001,16.75,17.083334,1907
TA12_17,5.249357649672291,-76.10276900555301,0,90,17.033333,17.283333,16.75,2963.0,399.0,124.0,31.417236,886.0,514.0,830.0,886.0,7.5,90.36143,22.29283,21.2,12.9,8.300001,16.75,17.083334,1907
TA12_18,5.2498523388863685,-76.10227431633895,0,97,17.033333,17.283333,16.75,2963.0,399.0,124.0,31.417236,886.0,514.0,830.0,886.0,7.5,90.36143,22.29283,21.2,12.9,8.300001,16.75,17.083334,1907
TA12_19,5.2504756836610404,-76.10195670631244,0,99,16.629166,16.866667,16.366667,2140.0,289.0,83.0,37.20048,745.0,323.0,602.0,745.0,7.408333,90.345535,20.830303,20.8,12.6,8.199999,16.366667,16.733334,1984
TA12_20,5.251166666666666,-76.10184726535583,0,99,16.629166,16.866667,16.366667,2140.0,289.0,83.0,37.20048,745.0,323.0,602.0,745.0,7.408333,90.345535,20.830303,20.8,12.6,8.199999,16.366667,16.733334,1984
TA13_1,5.2544687607834035,-76.10654003964578,0,90,16.629166,16.866667,16.366667,2140.0,289.0,83.0,37.20048,745.0,323.0,602.0,745.0,7.408333,90.345535,20.830303,20.8,12.6,8.199999,16.366667,16.733334,1984
TA13_2,5.2550921055580755,-76.10685764967229,0,90,16.629166,16.866667,16.366667,2140.0,289.0,83.0,37.20048,745.0,323.0,602.0,745.0,7.408333,90.345535,20.830303,20.8,12.6,8.199999,16.366667,16.733334,1984
TA13_3,5.255586794772153,-76.10735233888636,0,90,16.629166,16.866667,16.366667,2140.0,289.0,83.0,37.20048,745.0,323.0,602.0,745.0,7.408333,90.345535,20.830303,20.8,12.6,8.199999,16.366667,16.733334,1984
TA13_4,5.255904404798658,-76.10797568366104,0,95,16.629166,16.866667,16.366667,2140.0,289.0,83.0,37.20048,745.0,323.0,602.0,745.0,7.408333,90.345535,20.830303,20.8,12.6,8.199999,16.366667,16.733334,1984
TA13_5,5.256013845755277,-76.10866666666666,0,90,14.575,14.75,14.333333,1992.0,260.0,82.0,36.895878,667.0,308.0,595.0,667.0,7.2166667,90.20832,19.128756,18.7,10.7,8.000001,14.333333,14.666666,2360
TA13_6,5.255904404798658,-76.10935764967229,0,90,14.575,14.75,14.333333,1992.0,260.0,82.0,36.895878,667.0,308.0,595.0,667.0,7.2166667,90.20832,19.128756,18.7,10.7,8.000001,14.333333,14.666666,2360
TA13_7,5.255586794772153,-76.10998099444697,0,0,14.575,14.75,14.333333,1992.0,260.0,82.0,36.895878,667.0,308.0,595.0,667.0,7.2166667,90.20832,19.128756,18.7,10.7,8.000001,14.333333,14.666666,2360
TA13_8,5.2550921055580755,-76.11047568366104,0,90,14.575,14.75,14.333333,1992.0,260.0,82.0,36.895878,667.0,308.0,595.0,667.0,7.2166667,90.20832,19.128756,18.7,10.7,8.000001,14.333333,14.666666,2360
TA13_9,5.2544687607834035,-76.11079329368755,0,76,14.575,14.75,14.333333,1992.0,260.0,82.0,36.895878,667.0,308.0,595.0,667.0,7.2166667,90.20832,19.128756,18.7,10.7,8.000001,14.333333,14.666666,2360
TA13_10,5.253777777777778,-76.11090273464416,0,90,14.575,14.75,14.333333,1992.0,260.0,82.0,36.895878,667.0,308.0,595.0,667.0,7.2166667,90.20832,19.128756,18.7,10.7,8.000001,14.333333,14.666666,2360
TA13_11,5.253086794772152,-76.11079329368755,0,90,14.575,14.75,14.333333,1992.0,260.0,82.0,36.895878,667.0,308.0,595.0,667.0,7.2166667,90.20832,19.128756,18.7,10.7,8.000001,14.333333,14.666666,2360
TA13_12,5.25246344999748,-76.11047568366104,0,90,14.575,14.75,14.333333,1992.0,260.0,82.0,36.895878,667.0,308.0,595.0,667.0,7.2166667,90.20832,19.128756,18.7,10.7,8.000001,14.333333,14.666666,2360
TA13_13,5.251968760783402,-76.10998099444697,0,90,14.575,14.75,14.333333,1992.0,260.0,82.0,36.895878,667.0,308.0,595.0,667.0,7.2166667,90.20832,19.128756,18.7,10.7,8.000001,14.333333,14.666666,2360
TA13_14,5.2516511507568975,-76.10935764967229,0,90,14.575,14.75,14.333333,1992.0,260.0,82.0,36.895878,667.0,308.0,595.0,667.0,7.2166667,90.20832,19.128756,18.7,10.7,8.000001,14.333333,14.666666,2360
TA13_15,5.251541709800279,-76.10866666666666,0,90,14.575,14.75,14.333333,1992.0,260.0,82.0,36.895878,667.0,308.0,595.0,667.0,7.2166667,90.20832,19.128756,18.7,10.7,8.000001,14.333333,14.666666,2360
TA13_16,5.2516511507568975,-76.10797568366104,0,72,16.629166,16.866667,16.366667,2140.0,289.0,83.0,37.20048,745.0,323.0,602.0,745.0,7.408333,90.345535,20.830303,20.8,12.6,8.199999,16.366667,16.733334,1984
TA13_17,5.251968760783402,-76.10735233888636,0,89,16.629166,16.866667,16.366667,2140.0,289.0,83.0,37.20048,745.0,323.0,602.0,745.0,7.408333,90.345535,20.830303,20.8,12.6,8.199999,16.366667,16.733334,1984
TA13_18,5.25246344999748,-76.10685764967229,0,89,16.629166,16.866667,16.366667,2140.0,289.0,83.0,37.20048,745.0,323.0,602.0,745.0,7.408333,90.345535,20.830303,20.8,12.6,8.199999,16.366667,16.733334,1984
TA13_19,5.253086794772152,-76.10654003964578,0,90,16.629166,16.866667,16.366667,2140.0,289.0,83.0,37.20048,745.0,323.0,602.0,745.0,7.408333,90.345535,20.830303,20.8,12.6,8.199999,16.366667,16.733334,1984
TA13_20,5.253777777777778,-76.10643059868917,0,90,16.629166,16.866667,16.366667,2140.0,289.0,83.0,37.20048,745.0,323.0,602.0,745.0,7.408333,90.345535,20.830303,20.8,12.6,8.199999,16.366667,16.733334,1984
TA14_1,5.258302094116737,-76.108012261868,0,95,16.629166,16.866667,16.366667,2140.0,289.0,83.0,37.20048,745.0,323.0,602.0,745.0,7.408333,90.345535,20.830303,20.8,12.6,8.199999,16.366667,16.733334,1984
TA14_2,5.258925438891409,-76.10832987189451,0,90,15.420834,15.633333,15.166667,2096.0,275.0,91.0,37.095592,700.0,327.0,628.0,638.0,7.225,90.3125,20.052006,19.5,11.5,8.0,15.166667,15.533333,2201
TA14_3,5.259420128105487,-76.10882456110858,0,95,15.420834,15.633333,15.166667,2096.0,275.0,91.0,37.095592,700.0,327.0,628.0,638.0,7.225,90.3125,20.052006,19.5,11.5,8.0,15.166667,15.533333,2201
TA14_4,5.259737738131991,-76.10944790588326,0,95,15.420834,15.633333,15.166667,2096.0,275.0,91.0,37.095592,700.0,327.0,628.0,638.0,7.225,90.3125,20.052006,19.5,11.5,8.0,15.166667,15.533333,2201
TA14_5,5.25984717908861,-76.11013888888888,0,95,15.420834,15.633333,15.166667,2096.0,275.0,91.0,37.095592,700.0,327.0,628.0,638.0,7.225,90.3125,20.052006,19.5,11.5,8.0,15.166667,15.533333,2201
TA14_6,5.259737738131991,-76.11082987189451,0,95,15.420834,15.633333,15.166667,2096.0,275.0,91.0,37.095592,700.0,327.0,628.0,638.0,7.225,90.3125,20.052006,19.5,11.5,8.0,15.166667,15.533333,2201
TA14_7,5.259420128105487,-76.11145321666919,0,95,15.420834,15.633333,15.166667,2096.0,275.0,91.0,37.095592,700.0,327.0,628.0,638.0,7.225,90.3125,20.052006,19.5,11.5,8.0,15.166667,15.533333,2201
TA14_8,5.258925438891409,-76.11194790588326,0,90,15.420834,15.633333,15.166667,2096.0,275.0,91.0,37.095592,700.0,327.0,628.0,638.0,7.225,90.3125,20.052006,19.5,11.5,8.0,15.166667,15.533333,2201
TA14_9,5.258302094116737,-76.11226551590977,0,90,14.575,14.75,14.333333,1992.0,260.0,82.0,36.895878,667.0,308.0,595.0,667.0,7.2166667,90.20832,19.128756,18.7,10.7,8.000001,14.333333,14.666666,2360
TA14_10,5.257611111111111,-76.11237495686638,0,90,14.575,14.75,14.333333,1992.0,260.0,82.0,36.895878,667.0,308.0,595.0,667.0,7.2166667,90.20832,19.128756,18.7,10.7,8.000001,14.333333,14.666666,2360
TA14_11,5.256920128105485,-76.11226551590977,0,95,14.575,14.75,14.333333,1992.0,260.0,82.0,36.895878,667.0,308.0,595.0,667.0,7.2166667,90.20832,19.128756,18.7,10.7,8.000001,14.333333,14.666666,2360
TA14_12,5.256296783330813,-76.11194790588326,0,77,14.575,14.75,14.333333,1992.0,260.0,82.0,36.895878,667.0,308.0,595.0,667.0,7.2166667,90.20832,19.128756,18.7,10.7,8.000001,14.333333,14.666666,2360
TA14_13,5.255802094116736,-76.11145321666919,0,64,14.575,14.75,14.333333,1992.0,260.0,82.0,36.895878,667.0,308.0,595.0,667.0,7.2166667,90.20832,19.128756,18.7,10.7,8.000001,14.333333,14.666666,2360
TA14_14,5.255484484090231,-76.11082987189451,0,76,14.575,14.75,14.333333,1992.0,260.0,82.0,36.895878,667.0,308.0,595.0,667.0,7.2166667,90.20832,19.128756,18.7,10.7,8.000001,14.333333,14.666666,2360
TA14_15,5.255375043133612,-76.11013888888888,0,74,14.575,14.75,14.333333,1992.0,260.0,82.0,36.895878,667.0,308.0,595.0,667.0,7.2166667,90.20832,19.128756,18.7,10.7,8.000001,14.333333,14.666666,2360
TA14_16,5.255484484090231,-76.10944790588326,0,81,14.575,14.75,14.333333,1992.0,260.0,82.0,36.895878,667.0,308.0,595.0,667.0,7.2166667,90.20832,19.128756,18.7,10.7,8.000001,14.333333,14.666666,2360
TA14_17,5.255802094116736,-76.10882456110858,0,90,14.575,14.75,14.333333,1992.0,260.0,82.0,36.895878,667.0,308.0,595.0,667.0,7.2166667,90.20832,19.128756,18.7,10.7,8.000001,14.333333,14.666666,2360
TA14_18,5.256296783330813,-76.10832987189451,0,90,14.575,14.75,14.333333,1992.0,260.0,82.0,36.895878,667.0,308.0,595.0,667.0,7.2166667,90.20832,19.128756,18.7,10.7,8.000001,14.333333,14.666666,2360
TA14_19,5.256920128105485,-76.108012261868,0,90,16.629166,16.866667,16.366667,2140.0,289.0,83.0,37.20048,745.0,323.0,602.0,745.0,7.408333,90.345535,20.830303,20.8,12.6,8.199999,16.366667,16.733334,1984
TA14_20,5.257611111111111,-76.10790282091139,0,95,16.629166,16.866667,16.366667,2140.0,289.0,83.0,37.20048,745.0,323.0,602.0,745.0,7.408333,90.345535,20.830303,20.8,12.6,8.199999,16.366667,16.733334,1984
TA15_1,5.257579871894515,-76.10998448409022,0,90,14.575,14.75,14.333333,1992.0,260.0,82.0,36.895878,667.0,308.0,595.0,667.0,7.2166667,90.20832,19.128756,18.7,10.7,8.000001,14.333333,14.666666,2360
TA15_2,5.2582032166691866,-76.11030209411673,0,90,14.575,14.75,14.333333,1992.0,260.0,82.0,36.895878,667.0,308.0,595.0,667.0,7.2166667,90.20832,19.128756,18.7,10.7,8.000001,14.333333,14.666666,2360
TA15_3,5.258697905883264,-76.1107967833308,0,95,15.420834,15.633333,15.166667,2096.0,275.0,91.0,37.095592,700.0,327.0,628.0,638.0,7.225,90.3125,20.052006,19.5,11.5,8.0,15.166667,15.533333,2201
TA15_4,5.259015515909769,-76.11142012810548,0,95,15.420834,15.633333,15.166667,2096.0,275.0,91.0,37.095592,700.0,327.0,628.0,638.0,7.225,90.3125,20.052006,19.5,11.5,8.0,15.166667,15.533333,2201
TA15_5,5.259124956866388,-76.1121111111111,0,95,15.420834,15.633333,15.166667,2096.0,275.0,91.0,37.095592,700.0,327.0,628.0,638.0,7.225,90.3125,20.052006,19.5,11.5,8.0,15.166667,15.533333,2201
TA15_6,5.259015515909769,-76.11280209411673,0,95,15.420834,15.633333,15.166667,2096.0,275.0,91.0,37.095592,700.0,327.0,628.0,638.0,7.225,90.3125,20.052006,19.5,11.5,8.0,15.166667,15.533333,2201
TA15_7,5.258697905883264,-76.11342543889141,0,95,15.420834,15.633333,15.166667,2096.0,275.0,91.0,37.095592,700.0,327.0,628.0,638.0,7.225,90.3125,20.052006,19.5,11.5,8.0,15.166667,15.533333,2201
TA15_8,5.2582032166691866,-76.11392012810548,0,90,14.575,14.75,14.333333,1992.0,260.0,82.0,36.895878,667.0,308.0,595.0,667.0,7.2166667,90.20832,19.128756,18.7,10.7,8.000001,14.333333,14.666666,2360
TA15_9,5.257579871894515,-76.11423773813199,0,89,14.575,14.75,14.333333,1992.0,260.0,82.0,36.895878,667.0,308.0,595.0,667.0,7.2166667,90.20832,19.128756,18.7,10.7,8.000001,14.333333,14.666666,2360
TA15_10,5.256888888888889,-76.1143471790886,0,89,14.575,14.75,14.333333,1992.0,260.0,82.0,36.895878,667.0,308.0,595.0,667.0,7.2166667,90.20832,19.128756,18.7,10.7,8.000001,14.333333,14.666666,2360
TA15_11,5.256197905883263,-76.11423773813199,0,76,14.575,14.75,14.333333,1992.0,260.0,82.0,36.895878,667.0,308.0,595.0,667.0,7.2166667,90.20832,19.128756,18.7,10.7,8.000001,14.333333,14.666666,2360
TA15_12,5.255574561108591,-76.11392012810548,0,90,14.575,14.75,14.333333,1992.0,260.0,82.0,36.895878,667.0,308.0,595.0,667.0,7.2166667,90.20832,19.128756,18.7,10.7,8.000001,14.333333,14.666666,2360
TA15_13,5.255079871894513,-76.11342543889141,0,81,14.575,14.75,14.333333,1992.0,260.0,82.0,36.895878,667.0,308.0,595.0,667.0,7.2166667,90.20832,19.128756,18.7,10.7,8.000001,14.333333,14.666666,2360
TA15_14,5.2547622618680085,-76.11280209411673,0,74,14.575,14.75,14.333333,1992.0,260.0,82.0,36.895878,667.0,308.0,595.0,667.0,7.2166667,90.20832,19.128756,18.7,10.7,8.000001,14.333333,14.666666,2360
TA15_15,5.25465282091139,-76.1121111111111,0,95,14.575,14.75,14.333333,1992.0,260.0,82.0,36.895878,667.0,308.0,595.0,667.0,7.2166667,90.20832,19.128756,18.7,10.7,8.000001,14.333333,14.666666,2360
TA15_16,5.2547622618680085,-76.11142012810548,0,89,14.575,14.75,14.333333,1992.0,260.0,82.0,36.895878,667.0,308.0,595.0,667.0,7.2166667,90.20832,19.128756,18.7,10.7,8.000001,14.333333,14.666666,2360
TA15_17,5.255079871894513,-76.1107967833308,0,81,14.575,14.75,14.333333,1992.0,260.0,82.0,36.895878,667.0,308.0,595.0,667.0,7.2166667,90.20832,19.128756,18.7,10.7,8.000001,14.333333,14.666666,2360
TA15_18,5.255574561108591,-76.11030209411673,0,5,14.575,14.75,14.333333,1992.0,260.0,82.0,36.895878,667.0,308.0,595.0,667.0,7.2166667,90.20832,19.128756,18.7,10.7,8.000001,14.333333,14.666666,2360
TA15_19,5.256197905883263,-76.10998448409022,0,67,14.575,14.75,14.333333,1992.0,260.0,82.0,36.895878,667.0,308.0,595.0,667.0,7.2166667,90.20832,19.128756,18.7,10.7,8.000001,14.333333,14.666666,2360
TA15_20,5.256888888888889,-76.10987504313361,0,90,14.575,14.75,14.333333,1992.0,260.0,82.0,36.895878,667.0,308.0,595.0,667.0,7.2166667,90.20832,19.128756,18.7,10.7,8.000001,14.333333,14.666666,2360
TA16_1,5.2568854274500705,-76.11142892853466,0,90,14.575,14.75,14.333333,1992.0,260.0,82.0,36.895878,667.0,308.0,595.0,667.0,7.2166667,90.20832,19.128756,18.7,10.7,8.000001,14.333333,14.666666,2360
TA16_2,5.257508772224742,-76.11174653856118,0,95,14.575,14.75,14.333333,1992.0,260.0,82.0,36.895878,667.0,308.0,595.0,667.0,7.2166667,90.20832,19.128756,18.7,10.7,8.000001,14.333333,14.666666,2360
TA16_3,5.25800346143882,-76.11224122777524,0,90,14.575,14.75,14.333333,1992.0,260.0,82.0,36.895878,667.0,308.0,595.0,667.0,7.2166667,90.20832,19.128756,18.7,10.7,8.000001,14.333333,14.666666,2360
TA16_4,5.258321071465325,-76.11286457254992,0,90,14.575,14.75,14.333333,1992.0,260.0,82.0,36.895878,667.0,308.0,595.0,667.0,7.2166667,90.20832,19.128756,18.7,10.7,8.000001,14.333333,14.666666,2360
TA16_5,5.258430512421944,-76.11355555555555,0,90,15.420834,15.633333,15.166667,2096.0,275.0,91.0,37.095592,700.0,327.0,628.0,638.0,7.225,90.3125,20.052006,19.5,11.5,8.0,15.166667,15.533333,2201
TA16_6,5.258321071465325,-76.11424653856118,0,89,14.575,14.75,14.333333,1992.0,260.0,82.0,36.895878,667.0,308.0,595.0,667.0,7.2166667,90.20832,19.128756,18.7,10.7,8.000001,14.333333,14.666666,2360
TA16_7,5.25800346143882,-76.11486988333586,0,95,14.575,14.75,14.333333,1992.0,260.0,82.0,36.895878,667.0,308.0,595.0,667.0,7.2166667,90.20832,19.128756,18.7,10.7,8.000001,14.333333,14.666666,2360
TA16_8,5.257508772224742,-76.11536457254992,0,90,14.575,14.75,14.333333,1992.0,260.0,82.0,36.895878,667.0,308.0,595.0,667.0,7.2166667,90.20832,19.128756,18.7,10.7,8.000001,14.333333,14.666666,2360
TA16_9,5.2568854274500705,-76.11568218257644,0,89,14.575,14.75,14.333333,1992.0,260.0,82.0,36.895878,667.0,308.0,595.0,667.0,7.2166667,90.20832,19.128756,18.7,10.7,8.000001,14.333333,14.666666,2360
TA16_10,5.256194444444445,-76.11579162353304,0,91,14.575,14.75,14.333333,1992.0,260.0,82.0,36.895878,667.0,308.0,595.0,667.0,7.2166667,90.20832,19.128756,18.7,10.7,8.000001,14.333333,14.666666,2360
TA16_11,5.255503461438819,-76.11568218257644,0,0,14.575,14.75,14.333333,1992.0,260.0,82.0,36.895878,667.0,308.0,595.0,667.0,7.2166667,90.20832,19.128756,18.7,10.7,8.000001,14.333333,14.666666,2360
TA16_12,5.254880116664147,-76.11536457254992,0,7,14.575,14.75,14.333333,1992.0,260.0,82.0,36.895878,667.0,308.0,595.0,667.0,7.2166667,90.20832,19.128756,18.7,10.7,8.000001,14.333333,14.666666,2360
TA16_13,5.254385427450069,-76.11486988333586,0,89,14.575,14.75,14.333333,1992.0,260.0,82.0,36.895878,667.0,308.0,595.0,667.0,7.2166667,90.20832,19.128756,18.7,10.7,8.000001,14.333333,14.666666,2360
TA16_14,5.254067817423564,-76.11424653856118,0,9,14.575,14.75,14.333333,1992.0,260.0,82.0,36.895878,667.0,308.0,595.0,667.0,7.2166667,90.20832,19.128756,18.7,10.7,8.000001,14.333333,14.666666,2360
TA16_15,5.2539583764669455,-76.11355555555555,0,76,14.575,14.75,14.333333,1992.0,260.0,82.0,36.895878,667.0,308.0,595.0,667.0,7.2166667,90.20832,19.128756,18.7,10.7,8.000001,14.333333,14.666666,2360
TA16_16,5.254067817423564,-76.11286457254992,0,79,14.575,14.75,14.333333,1992.0,260.0,82.0,36.895878,667.0,308.0,595.0,667.0,7.2166667,90.20832,19.128756,18.7,10.7,8.000001,14.333333,14.666666,2360
TA16_17,5.254385427450069,-76.11224122777524,0,98,14.575,14.75,14.333333,1992.0,260.0,82.0,36.895878,667.0,308.0,595.0,667.0,7.2166667,90.20832,19.128756,18.7,10.7,8.000001,14.333333,14.666666,2360
TA16_18,5.254880116664147,-76.11174653856118,0,95,14.575,14.75,14.333333,1992.0,260.0,82.0,36.895878,667.0,308.0,595.0,667.0,7.2166667,90.20832,19.128756,18.7,10.7,8.000001,14.333333,14.666666,2360
TA16_19,5.255503461438819,-76.11142892853466,0,88,14.575,14.75,14.333333,1992.0,260.0,82.0,36.895878,667.0,308.0,595.0,667.0,7.2166667,90.20832,19.128756,18.7,10.7,8.000001,14.333333,14.666666,2360
TA16_20,5.256194444444445,-76.11131948757806,0,80,14.575,14.75,14.333333,1992.0,260.0,82.0,36.895878,667.0,308.0,595.0,667.0,7.2166667,90.20832,19.128756,18.7,10.7,8.000001,14.333333,14.666666,2360
